 	Task	Responder	sender_entity	sender_name	recipient	block	tool_type	tool	content
 	Teacher	Entity.USER	Entity.USER			None			
 	Teacher	Entity.USER	Entity.USER	Entity.USER		None			[CANNOT RESPOND]
 	Teacher	Entity.AGENT	Entity.USER			None			
*	Teacher	Entity.LLM	Entity.LLM			None			What is the sum of 123 and 456?
 	Teacher	Entity.USER	Entity.USER	Entity.USER		None			[CANNOT RESPOND]
 	Teacher	Entity.AGENT	Entity.USER			None			
 	Teacher	Entity.LLM	Entity.LLM	Entity.LLM		None			[CANNOT RESPOND]
 	Student	Entity.USER	Entity.USER			None			What is the sum of 123 and 456?
 	Student	Entity.USER	Entity.USER	Entity.USER		None			[CANNOT RESPOND]
 	Student	Entity.AGENT	Entity.USER			None			
*	Student	Entity.LLM	Entity.LLM			None			579
*	Teacher	Student	Entity.USER	Student		None			579
 	Teacher	Entity.USER	Entity.USER	Entity.USER		None			[CANNOT RESPOND]
 	Teacher	Entity.AGENT	Entity.USER			None			
*	Teacher	Entity.LLM	Entity.LLM			None			Correct! The sum of 123 and 456 is indeed 579. Great job! Now, what is 15% of 200?
 	Teacher	Entity.USER	Entity.USER	Entity.USER		None			[CANNOT RESPOND]
 	Teacher	Entity.AGENT	Entity.USER			None			
 	Teacher	Entity.LLM	Entity.LLM	Entity.LLM		None			[CANNOT RESPOND]
 	Student	Entity.USER	Entity.USER			None			Correct! The sum of 123 and 456 is indeed 579. Great job! Now, what is 15% of 200?
 	Student	Entity.USER	Entity.USER	Entity.USER		None			[CANNOT RESPOND]
 	Student	Entity.AGENT	Entity.USER			None			
*	Student	Entity.LLM	Entity.LLM			None			30
*	Teacher	Student	Entity.USER	Student		None			30
 	Teacher	Entity.USER	Entity.USER	Entity.USER		None			[CANNOT RESPOND]
 	Teacher	Entity.AGENT	Entity.USER			None			
*	Teacher	Entity.LLM	Entity.LLM			None			That's right! 15% of 200 is 30. Well done! Next question: What is the square root of 144?
 	Teacher	Entity.USER	Entity.USER	Entity.USER		None			[CANNOT RESPOND]
 	Teacher	Entity.AGENT	Entity.USER			None			
 	Teacher	Entity.LLM	Entity.LLM	Entity.LLM		None			[CANNOT RESPOND]
 	Student	Entity.USER	Entity.USER			None			That's right! 15% of 200 is 30. Well done! Next question: What is the square root of 144?
 	Student	Entity.USER	Entity.USER	Entity.USER		None			[CANNOT RESPOND]
 	Student	Entity.AGENT	Entity.USER			None			
*	Student	Entity.LLM	Entity.LLM			None			12
*	Teacher	Student	Entity.USER	Student		None			12
 	Teacher	Entity.USER	Entity.USER	Entity.USER		None			[CANNOT RESPOND]
 	Teacher	Entity.AGENT	Entity.USER			None			
*	Teacher	Entity.LLM	Entity.LLM			None			Exactly! The square root of 144 is 12. You're doing great! Here's another one: What is 7 multiplied by 8?
 	Teacher	Entity.USER	Entity.USER	Entity.USER		None			[CANNOT RESPOND]
 	Teacher	Entity.AGENT	Entity.USER			None			
 	Teacher	Entity.LLM	Entity.LLM	Entity.LLM		None			[CANNOT RESPOND]
 	Student	Entity.USER	Entity.USER			None			Exactly! The square root of 144 is 12. You're doing great! Here's another one: What is 7 multiplied by 8?
 	Student	Entity.USER	Entity.USER	Entity.USER		None			[CANNOT RESPOND]
 	Student	Entity.AGENT	Entity.USER			None			
*	Student	Entity.LLM	Entity.LLM			None			56
*	Teacher	Student	Entity.USER	Student		None			56
 	Teacher	Entity.USER	Entity.USER	Entity.USER		None			[CANNOT RESPOND]
 	Teacher	Entity.AGENT	Entity.USER			None			
*	Teacher	Entity.LLM	Entity.LLM			None			Correct! 7 multiplied by 8 is 56. Excellent work! Let's try this: What is the value of 9 squared?
 	Teacher	Entity.USER	Entity.USER	Entity.USER		None			[CANNOT RESPOND]
 	Teacher	Entity.AGENT	Entity.USER			None			
 	Teacher	Entity.LLM	Entity.LLM	Entity.LLM		None			[CANNOT RESPOND]
 	Student	Entity.USER	Entity.USER			None			Correct! 7 multiplied by 8 is 56. Excellent work! Let's try this: What is the value of 9 squared?
 	Student	Entity.USER	Entity.USER	Entity.USER		None			[CANNOT RESPOND]
 	Student	Entity.AGENT	Entity.USER			None			
*	Student	Entity.LLM	Entity.LLM			None			81
*	Teacher	Student	Entity.USER	Student		None			81
